﻿<?xml version="1.0" encoding="utf-8" ?>
<Examples>
  <Example Page="Pages\CheckMarkPage.xaml" Title="CheckMark" Description=""/>
  <Example Page="Pages\ColorPickerPage.xaml" Title="ColorPicker" Description=""/>
  <Example Page="Pages\PopupBoxPage.xaml" Title="PopupBox" Description=""/>
  <Example Page="Pages\FilePickerPage.xaml" Title="FilePicker" Description=""/>
  <Example Page="Pages\DirectoryPickerPage.xaml" Title="DirectoryPicker" Description=""/>
  <Example Page="Pages\RadioButtonListPage.xaml" Title="RadioButtonList" Description=""/>
  <Example Page="Pages\FormattingTextBoxPage.xaml" Title="FormattingTextBox" Description=""/>
  <Example Page="Pages\DockPanelSplitterPage.xaml" Title="DockPanelSplitter" Description=""/>
  <Example Page="Pages\EnumMenuItemPage.xaml" Title="EnumMenuItem" Description=""/>
  <Example Page="Pages\SpinControlPage.xaml" Title="SpinControl" Description="An up/down spin control."/>
  <Example Page="Pages\HeaderedEntrySliderPage.xaml" Title="HeaderedEntrySlider" Description="A slider with header and value entry."/>
  <Example Page="Pages\EditableTextBlockPage.xaml" Title="EditableTextBlock" Description="An editable text block."/>
  <Example Page="Pages\EditableTextBlockAndPropertyGridPage.xaml" Title="EditableTextBlock and PropertyGrid" Description="An editable text block and a property grid working on the same model."/>
  <Example Page="Pages\TextBlockExPage.xaml" Title="TextBlockEx" Description="A text block that can be disabled."/>
  <Example Page="Pages\LinkBlockPage.xaml" Title="LinkBlock" Description="A text block that can open an URL."/>
</Examples>
